ticker,price_date,close,source,daily_return
GLD,2026-02-18,458.28,yfinance,
GLD,2026-02-19,459.56,yfinance,0.00279305
GLD,2026-02-20,468.62,yfinance,0.01971451
GLD,2026-02-23,481.28,yfinance,0.02701549
GLD,2026-02-24,474.61,yfinance,-0.01385888
GLD,2026-02-25,473.42,yfinance,-0.00250732
GLD,2026-02-26,477.48,yfinance,0.00857589
GLD,2026-02-27,483.75,yfinance,0.01313144
GLD,2026-03-02,490.0,yfinance,0.0129199
GLD,2026-03-03,468.14,yfinance,-0.04461224
GLD,2026-03-04,471.8,yfinance,0.00781817
GLD,2026-03-05,466.13,yfinance,-0.0120178
GLD,2026-03-06,473.51,yfinance,0.01583249
GLD,2026-03-09,472.53,yfinance,-0.00206965
GLD,2026-03-10,477.86,yfinance,0.01127971
GLD,2026-03-11,476.24,yfinance,-0.00339011
GLD,2026-03-12,466.88,yfinance,-0.01965396
GLD,2026-03-13,460.84,yfinance,-0.01293694
GLD,2026-03-16,460.43,yfinance,-0.00088968
GLD,2026-03-17,459.27,yfinance,-0.00251938
GLD,2026-03-18,444.74,yfinance,-0.03163716
GLD,2026-03-19,426.41,yfinance,-0.04121509
GLD,2026-03-20,413.38,yfinance,-0.03055744
GLD,2026-03-23,404.04,yfinance,-0.02259422
GLD,2026-03-24,404.13,yfinance,0.00022275
GLD,2026-03-25,416.29,yfinance,0.03008933
GLD,2026-03-26,400.64,yfinance,-0.03759398
GLD,2026-03-27,414.7,yfinance,0.03509385
GLD,2026-03-30,414.58,yfinance,-0.00028937
GLD,2026-03-31,430.29,yfinance,0.03789377
GLD,2026-04-01,437.82,yfinance,0.01749983
GLD,2026-04-02,429.41,yfinance,-0.01920881
GLD,2026-04-06,427.65,yfinance,-0.00409865
GLD,2026-04-07,431.81,yfinance,0.00972758
GLD,2026-04-08,434.53,yfinance,0.00629907
GLD,2026-04-09,437.91,yfinance,0.00777852
GLD,2026-04-10,437.13,yfinance,-0.00178119
GLD,2026-04-13,435.36,yfinance,-0.00404914
GLD,2026-04-14,445.09,yfinance,0.02234932
GLD,2026-04-15,440.46,yfinance,-0.01040239
GLD,2026-04-16,440.08,yfinance,-0.00086273
GLD,2026-04-17,445.93,yfinance,0.01329304
GLD,2026-04-20,442.09,yfinance,-0.00861122
GLD,2026-04-21,429.57,yfinance,-0.02832003
GLD,2026-04-22,435.26,yfinance,0.0132458
GLD,2026-04-23,431.04,yfinance,-0.00969535
GLD,2026-04-24,433.25,yfinance,0.00512713
GLD,2026-04-27,429.89,yfinance,-0.00775534
GLD,2026-04-28,421.91,yfinance,-0.01856289
GLD,2026-04-29,417.41,yfinance,-0.01066578
GLD,2026-04-30,423.66,yfinance,0.01497329
GLD,2026-05-01,423.18,yfinance,-0.00113298
GLD,2026-05-04,414.71,yfinance,-0.02001512
GLD,2026-05-05,418.27,yfinance,0.00858431
GLD,2026-05-06,430.96,yfinance,0.03033925
GLD,2026-05-07,431.68,yfinance,0.00167069
GLD,2026-05-08,433.77,yfinance,0.00484155
GLD,2026-05-11,434.65,yfinance,0.00202872
GLD,2026-05-12,432.93,yfinance,-0.00395721
GLD,2026-05-13,430.5,yfinance,-0.00561292
GLD,2026-05-14,427.21,yfinance,-0.00764228
GLD,2026-05-15,417.29,yfinance,-0.02322043
GLD,2026-05-18,418.43,yfinance,0.00273191
GLD,2026-05-19,411.5,yfinance,-0.01656191
GLD,2026-05-20,417.4,yfinance,0.01433779
GLD,2026-05-21,416.99,yfinance,-0.00098227
GLD,2026-05-22,413.82,yfinance,-0.0076021
GLD,2026-05-26,414.0,yfinance,0.00043497
GLD,2026-05-27,408.49,yfinance,-0.01330918
GLD,2026-05-28,412.77,yfinance,0.01047761
GLD,2026-05-29,417.12,yfinance,0.01053856
GLD,2026-06-01,411.26,yfinance,-0.01404871
GLD,2026-06-02,411.95,yfinance,0.00167777
GLD,2026-06-03,407.87,yfinance,-0.00990411
GLD,2026-06-04,411.27,yfinance,0.00833599
GLD,2026-06-05,396.24,yfinance,-0.03654534
GLD,2026-06-08,397.27,yfinance,0.00259943
GLD,2026-06-09,390.78,yfinance,-0.0163365
GLD,2026-06-10,374.58,yfinance,-0.04145555
GLD,2026-06-11,386.32,yfinance,0.03134177
GLD,2026-06-12,386.54,yfinance,0.00056948
GLD,2026-06-15,396.55,yfinance,0.02589641
GLD,2026-06-16,397.63,yfinance,0.00272349
GLD,2026-06-17,388.6,yfinance,-0.02270955
HYG,2026-02-18,79.3029,yfinance,
HYG,2026-02-19,79.3323,yfinance,0.00037073
HYG,2026-02-20,79.3911,yfinance,0.00074119
HYG,2026-02-23,79.2636,yfinance,-0.00160597
HYG,2026-02-24,79.2048,yfinance,-0.00074183
HYG,2026-02-25,79.3126,yfinance,0.00136103
HYG,2026-02-26,79.244,yfinance,-0.00086493
HYG,2026-02-27,79.1166,yfinance,-0.00160769
HYG,2026-03-02,79.0713,yfinance,-0.00057257
HYG,2026-03-03,78.9137,yfinance,-0.00199314
HYG,2026-03-04,79.1895,yfinance,0.00349496
HYG,2026-03-05,78.8743,yfinance,-0.00398033
HYG,2026-03-06,78.4902,yfinance,-0.00486977
HYG,2026-03-09,78.963,yfinance,0.00602368
HYG,2026-03-10,78.8349,yfinance,-0.00162228
HYG,2026-03-11,78.6576,yfinance,-0.002249
HYG,2026-03-12,78.1553,yfinance,-0.00638591
HYG,2026-03-13,78.0076,yfinance,-0.00188983
HYG,2026-03-16,78.2538,yfinance,0.0031561
HYG,2026-03-17,78.6084,yfinance,0.00453141
HYG,2026-03-18,78.2046,yfinance,-0.00513686
HYG,2026-03-19,78.4607,yfinance,0.00327474
HYG,2026-03-20,77.7318,yfinance,-0.00929
HYG,2026-03-23,78.244,yfinance,0.00658932
HYG,2026-03-24,77.978,yfinance,-0.00339962
HYG,2026-03-25,78.2243,yfinance,0.00315858
HYG,2026-03-26,77.7318,yfinance,-0.006296
HYG,2026-03-27,77.5348,yfinance,-0.00253436
HYG,2026-03-30,77.6234,yfinance,0.00114271
HYG,2026-03-31,78.3622,yfinance,0.00951775
HYG,2026-04-01,78.5542,yfinance,0.00245016
HYG,2026-04-02,78.7422,yfinance,0.00239325
HYG,2026-04-06,78.8808,yfinance,0.00176017
HYG,2026-04-07,78.9006,yfinance,0.00025101
HYG,2026-04-08,79.3657,yfinance,0.00589476
HYG,2026-04-09,79.4548,yfinance,0.00112265
HYG,2026-04-10,79.1381,yfinance,-0.00398591
HYG,2026-04-13,79.435,yfinance,0.00375167
HYG,2026-04-14,79.6725,yfinance,0.00298987
HYG,2026-04-15,79.633,yfinance,-0.00049578
HYG,2026-04-16,79.5241,yfinance,-0.00136752
HYG,2026-04-17,79.821,yfinance,0.00373346
HYG,2026-04-20,79.7517,yfinance,-0.00086819
HYG,2026-04-21,79.5439,yfinance,-0.00260559
HYG,2026-04-22,79.6725,yfinance,0.00161672
HYG,2026-04-23,79.5439,yfinance,-0.00161411
HYG,2026-04-24,79.6528,yfinance,0.00136906
HYG,2026-04-27,79.6824,yfinance,0.00037161
HYG,2026-04-28,79.5736,yfinance,-0.00136542
HYG,2026-04-29,79.3064,yfinance,-0.0033579
HYG,2026-04-30,79.5538,yfinance,0.00311955
HYG,2026-05-01,79.6523,yfinance,0.00123816
HYG,2026-05-04,79.3936,yfinance,-0.00324787
HYG,2026-05-05,79.513,yfinance,0.0015039
HYG,2026-05-06,79.7518,yfinance,0.00300328
HYG,2026-05-07,79.4533,yfinance,-0.00374286
HYG,2026-05-08,79.7319,yfinance,0.00350646
HYG,2026-05-11,79.5727,yfinance,-0.00199669
HYG,2026-05-12,79.4632,yfinance,-0.0013761
HYG,2026-05-13,79.503,yfinance,0.00050086
HYG,2026-05-14,79.4433,yfinance,-0.00075092
HYG,2026-05-15,79.0553,yfinance,-0.00488399
HYG,2026-05-18,79.1349,yfinance,0.00100689
HYG,2026-05-19,78.9459,yfinance,-0.00238833
HYG,2026-05-20,79.4533,yfinance,0.00642719
HYG,2026-05-21,79.4931,yfinance,0.00050092
HYG,2026-05-22,79.503,yfinance,0.00012454
HYG,2026-05-26,79.7717,yfinance,0.00337975
HYG,2026-05-27,79.7219,yfinance,-0.00062428
HYG,2026-05-28,79.8214,yfinance,0.00124809
HYG,2026-05-29,79.901,yfinance,0.00099723
HYG,2026-06-01,79.84,yfinance,-0.00076344
HYG,2026-06-02,79.9,yfinance,0.0007515
HYG,2026-06-03,79.68,yfinance,-0.00275344
HYG,2026-06-04,79.83,yfinance,0.00188253
HYG,2026-06-05,79.43,yfinance,-0.00501065
HYG,2026-06-08,79.54,yfinance,0.00138487
HYG,2026-06-09,79.62,yfinance,0.00100578
HYG,2026-06-10,79.47,yfinance,-0.00188395
HYG,2026-06-11,79.94,yfinance,0.00591418
HYG,2026-06-12,79.94,yfinance,0.0
HYG,2026-06-15,80.04,yfinance,0.00125094
HYG,2026-06-16,80.03,yfinance,-0.00012494
HYG,2026-06-17,79.73,yfinance,-0.00374859
IWM,2026-02-18,262.8961,yfinance,
IWM,2026-02-19,263.5035,yfinance,0.00231042
IWM,2026-02-20,263.5135,yfinance,3.795e-05
IWM,2026-02-23,259.4105,yfinance,-0.01557036
IWM,2026-02-24,262.2388,yfinance,0.0109028
IWM,2026-02-25,263.4836,yfinance,0.00474682
IWM,2026-02-26,264.8878,yfinance,0.00532936
IWM,2026-02-27,260.3268,yfinance,-0.01721861
IWM,2026-03-02,262.7168,yfinance,0.00918077
IWM,2026-03-03,258.1657,yfinance,-0.01732322
IWM,2026-03-04,260.6753,yfinance,0.00972089
IWM,2026-03-05,255.696,yfinance,-0.01910154
IWM,2026-03-06,249.8503,yfinance,-0.02286191
IWM,2026-03-09,252.569,yfinance,0.01088132
IWM,2026-03-10,252.3101,yfinance,-0.00102507
IWM,2026-03-11,251.8022,yfinance,-0.002013
IWM,2026-03-12,246.3848,yfinance,-0.02151451
IWM,2026-03-13,245.5681,yfinance,-0.00331473
IWM,2026-03-16,247.8885,yfinance,0.00944911
IWM,2026-03-17,249.4568,yfinance,0.00632663
IWM,2026-03-18,245.4363,yfinance,-0.01611702
IWM,2026-03-19,247.0425,yfinance,0.00654426
IWM,2026-03-20,241.6454,yfinance,-0.02184685
IWM,2026-03-23,246.8629,yfinance,0.02159156
IWM,2026-03-24,248.1898,yfinance,0.00537505
IWM,2026-03-25,251.2226,yfinance,0.01221968
IWM,2026-03-26,246.853,yfinance,-0.01739334
IWM,2026-03-27,242.5233,yfinance,-0.01753959
IWM,2026-03-30,239.0415,yfinance,-0.01435656
IWM,2026-03-31,247.4116,yfinance,0.03501526
IWM,2026-04-01,248.9679,yfinance,0.00629033
IWM,2026-04-02,250.6938,yfinance,0.00693222
IWM,2026-04-06,251.7613,yfinance,0.00425818
IWM,2026-04-07,252.31,yfinance,0.00217945
IWM,2026-04-08,259.8521,yfinance,0.0298922
IWM,2026-04-09,261.3385,yfinance,0.00572018
IWM,2026-04-10,260.6801,yfinance,-0.00251934
IWM,2026-04-13,264.4411,yfinance,0.01442765
IWM,2026-04-14,268.0825,yfinance,0.01377017
IWM,2026-04-15,268.7509,yfinance,0.00249326
IWM,2026-04-16,269.3096,yfinance,0.00207888
IWM,2026-04-17,275.1257,yfinance,0.02159633
IWM,2026-04-20,276.692,yfinance,0.00569303
IWM,2026-04-21,273.8588,yfinance,-0.01023954
IWM,2026-04-22,275.8241,yfinance,0.00717633
IWM,2026-04-23,274.8663,yfinance,-0.0034725
IWM,2026-04-24,275.9937,yfinance,0.00410163
IWM,2026-04-27,276.4825,yfinance,0.00177105
IWM,2026-04-28,273.2602,yfinance,-0.01165463
IWM,2026-04-29,271.4345,yfinance,-0.00668118
IWM,2026-04-30,277.3105,yfinance,0.02164795
IWM,2026-05-01,278.6174,yfinance,0.00471277
IWM,2026-05-04,277.2208,yfinance,-0.00501261
IWM,2026-05-05,281.8896,yfinance,0.01684145
IWM,2026-05-06,286.1196,yfinance,0.01500587
IWM,2026-05-07,281.5904,yfinance,-0.01582974
IWM,2026-05-08,283.4958,yfinance,0.00676657
IWM,2026-05-11,284.653,yfinance,0.00408189
IWM,2026-05-12,281.8996,yfinance,-0.00967283
IWM,2026-05-13,281.9994,yfinance,0.00035403
IWM,2026-05-14,283.7752,yfinance,0.00629718
IWM,2026-05-15,276.9414,yfinance,-0.02408174
IWM,2026-05-18,275.3153,yfinance,-0.00587164
IWM,2026-05-19,272.3523,yfinance,-0.01076221
IWM,2026-05-20,279.206,yfinance,0.02516483
IWM,2026-05-21,281.8198,yfinance,0.00936155
IWM,2026-05-22,284.4436,yfinance,0.0093102
IWM,2026-05-26,289.8208,yfinance,0.01890427
IWM,2026-05-27,289.6811,yfinance,-0.00048202
IWM,2026-05-28,291.3372,yfinance,0.00571698
IWM,2026-05-29,289.741,yfinance,-0.00547887
IWM,2026-06-01,288.2944,yfinance,-0.00499273
IWM,2026-06-02,290.968,yfinance,0.00927385
IWM,2026-06-03,286.9875,yfinance,-0.0136802
IWM,2026-06-04,291.3172,yfinance,0.01508672
IWM,2026-06-05,280.9818,yfinance,-0.03547817
IWM,2026-06-08,283.4359,yfinance,0.00873402
IWM,2026-06-09,284.3438,yfinance,0.00320319
IWM,2026-06-10,281.3808,yfinance,-0.01042048
IWM,2026-06-11,289.721,yfinance,0.02964026
IWM,2026-06-12,292.255,yfinance,0.00874635
IWM,2026-06-15,294.64,yfinance,0.00816068
IWM,2026-06-16,292.08,yfinance,-0.00868857
IWM,2026-06-17,289.88,yfinance,-0.00753218
QQQ,2026-02-18,605.0271,yfinance,
QQQ,2026-02-19,602.71,yfinance,-0.00382975
QQQ,2026-02-20,608.0433,yfinance,0.00884887
QQQ,2026-02-23,600.6526,yfinance,-0.01215489
QQQ,2026-02-24,607.1045,yfinance,0.01074148
QQQ,2026-02-25,615.9034,yfinance,0.01449322
QQQ,2026-02-26,608.4728,yfinance,-0.01206455
QQQ,2026-02-27,606.5252,yfinance,-0.0032008
QQQ,2026-03-02,607.3242,yfinance,0.00131734
QQQ,2026-03-03,600.8224,yfinance,-0.01070565
QQQ,2026-03-04,609.9809,yfinance,0.01524327
QQQ,2026-03-05,608.1431,yfinance,-0.00301288
QQQ,2026-03-06,598.9947,yfinance,-0.01504317
QQQ,2026-03-09,606.9946,yfinance,0.01335554
QQQ,2026-03-10,607.0046,yfinance,1.647e-05
QQQ,2026-03-11,606.9247,yfinance,-0.00013163
QQQ,2026-03-12,596.5079,yfinance,-0.01716325
QQQ,2026-03-13,592.9723,yfinance,-0.00592716
QQQ,2026-03-16,599.6239,yfinance,0.01121739
QQQ,2026-03-17,602.5502,yfinance,0.00488023
QQQ,2026-03-18,594.1509,yfinance,-0.01393959
QQQ,2026-03-19,592.2732,yfinance,-0.00316031
QQQ,2026-03-20,581.327,yfinance,-0.01848167
QQQ,2026-03-23,588.0,yfinance,0.01147891
QQQ,2026-03-24,583.98,yfinance,-0.00683673
QQQ,2026-03-25,587.82,yfinance,0.00657557
QQQ,2026-03-26,573.79,yfinance,-0.02386785
QQQ,2026-03-27,562.58,yfinance,-0.01953676
QQQ,2026-03-30,558.28,yfinance,-0.00764336
QQQ,2026-03-31,577.18,yfinance,0.03385398
QQQ,2026-04-01,584.31,yfinance,0.01235317
QQQ,2026-04-02,584.98,yfinance,0.00114665
QQQ,2026-04-06,588.5,yfinance,0.0060173
QQQ,2026-04-07,588.59,yfinance,0.00015293
QQQ,2026-04-08,606.09,yfinance,0.02973207
QQQ,2026-04-09,610.19,yfinance,0.00676467
QQQ,2026-04-10,611.07,yfinance,0.00144217
QQQ,2026-04-13,617.39,yfinance,0.01034251
QQQ,2026-04-14,628.6,yfinance,0.01815708
QQQ,2026-04-15,637.4,yfinance,0.01399936
QQQ,2026-04-16,640.47,yfinance,0.00481644
QQQ,2026-04-17,648.85,yfinance,0.01308414
QQQ,2026-04-20,646.79,yfinance,-0.00317485
QQQ,2026-04-21,644.33,yfinance,-0.0038034
QQQ,2026-04-22,655.11,yfinance,0.01673056
QQQ,2026-04-23,651.42,yfinance,-0.00563264
QQQ,2026-04-24,663.88,yfinance,0.01912744
QQQ,2026-04-27,664.23,yfinance,0.0005272
QQQ,2026-04-28,657.55,yfinance,-0.01005676
QQQ,2026-04-29,661.57,yfinance,0.0061136
QQQ,2026-04-30,667.74,yfinance,0.0093263
QQQ,2026-05-01,674.15,yfinance,0.00959954
QQQ,2026-05-04,672.88,yfinance,-0.00188385
QQQ,2026-05-05,681.61,yfinance,0.01297408
QQQ,2026-05-06,695.77,yfinance,0.02077434
QQQ,2026-05-07,694.94,yfinance,-0.00119292
QQQ,2026-05-08,711.23,yfinance,0.02344087
QQQ,2026-05-11,713.29,yfinance,0.00289639
QQQ,2026-05-12,707.24,yfinance,-0.00848182
QQQ,2026-05-13,714.71,yfinance,0.01056219
QQQ,2026-05-14,719.79,yfinance,0.00710778
QQQ,2026-05-15,708.93,yfinance,-0.01508773
QQQ,2026-05-18,705.88,yfinance,-0.00430226
QQQ,2026-05-19,701.53,yfinance,-0.00616252
QQQ,2026-05-20,713.15,yfinance,0.0165638
QQQ,2026-05-21,714.51,yfinance,0.00190703
QQQ,2026-05-22,717.54,yfinance,0.00424067
QQQ,2026-05-26,730.28,yfinance,0.01775511
QQQ,2026-05-27,729.45,yfinance,-0.00113655
QQQ,2026-05-28,735.6,yfinance,0.00843101
QQQ,2026-05-29,738.31,yfinance,0.00368407
QQQ,2026-06-01,742.74,yfinance,0.00600019
QQQ,2026-06-02,746.16,yfinance,0.00460457
QQQ,2026-06-03,744.21,yfinance,-0.00261338
QQQ,2026-06-04,740.61,yfinance,-0.00483734
QQQ,2026-06-05,705.06,yfinance,-0.04800097
QQQ,2026-06-08,716.07,yfinance,0.01561569
QQQ,2026-06-09,707.83,yfinance,-0.01150725
QQQ,2026-06-10,693.69,yfinance,-0.01997655
QQQ,2026-06-11,717.12,yfinance,0.03377589
QQQ,2026-06-12,721.34,yfinance,0.00588465
QQQ,2026-06-15,744.0,yfinance,0.03141376
QQQ,2026-06-16,729.86,yfinance,-0.01900538
QQQ,2026-06-17,722.51,yfinance,-0.01007042
SPY,2026-02-18,684.4208,yfinance,
SPY,2026-02-19,682.6157,yfinance,-0.00263741
SPY,2026-02-20,687.5523,yfinance,0.00723189
SPY,2026-02-23,680.5315,yfinance,-0.0102113
SPY,2026-02-24,685.4779,yfinance,0.00726844
SPY,2026-02-25,691.2622,yfinance,0.00843835
SPY,2026-02-26,687.4226,yfinance,-0.00555448
SPY,2026-02-27,684.1216,yfinance,-0.004802
SPY,2026-03-02,684.5106,yfinance,0.00056861
SPY,2026-03-03,678.4771,yfinance,-0.00881433
SPY,2026-03-04,683.264,yfinance,0.00705536
SPY,2026-03-05,679.4544,yfinance,-0.00557559
SPY,2026-03-06,670.5487,yfinance,-0.01310713
SPY,2026-03-09,676.4227,yfinance,0.00875999
SPY,2026-03-10,675.3356,yfinance,-0.00160713
SPY,2026-03-11,674.488,yfinance,-0.00125508
SPY,2026-03-12,664.2459,yfinance,-0.015185
SPY,2026-03-13,660.4862,yfinance,-0.0056601
SPY,2026-03-16,667.2079,yfinance,0.0101769
SPY,2026-03-17,668.963,yfinance,0.00263051
SPY,2026-03-18,659.6285,yfinance,-0.01395369
SPY,2026-03-19,658.003,yfinance,-0.00246427
SPY,2026-03-20,648.57,yfinance,-0.0143358
SPY,2026-03-23,655.38,yfinance,0.01050002
SPY,2026-03-24,653.18,yfinance,-0.00335683
SPY,2026-03-25,656.82,yfinance,0.00557274
SPY,2026-03-26,645.09,yfinance,-0.01785877
SPY,2026-03-27,634.09,yfinance,-0.01705188
SPY,2026-03-30,631.97,yfinance,-0.00334337
SPY,2026-03-31,650.34,yfinance,0.02906784
SPY,2026-04-01,655.24,yfinance,0.00753452
SPY,2026-04-02,655.83,yfinance,0.00090043
SPY,2026-04-06,658.93,yfinance,0.00472683
SPY,2026-04-07,659.22,yfinance,0.00044011
SPY,2026-04-08,676.01,yfinance,0.02546949
SPY,2026-04-09,679.91,yfinance,0.00576915
SPY,2026-04-10,679.46,yfinance,-0.00066185
SPY,2026-04-13,686.1,yfinance,0.00977247
SPY,2026-04-14,694.46,yfinance,0.01218481
SPY,2026-04-15,699.94,yfinance,0.00789102
SPY,2026-04-16,701.66,yfinance,0.00245735
SPY,2026-04-17,710.14,yfinance,0.01208563
SPY,2026-04-20,708.72,yfinance,-0.00199961
SPY,2026-04-21,704.08,yfinance,-0.00654701
SPY,2026-04-22,711.21,yfinance,0.01012669
SPY,2026-04-23,708.45,yfinance,-0.00388071
SPY,2026-04-24,713.94,yfinance,0.00774931
SPY,2026-04-27,715.17,yfinance,0.00172283
SPY,2026-04-28,711.69,yfinance,-0.00486598
SPY,2026-04-29,711.58,yfinance,-0.00015456
SPY,2026-04-30,718.66,yfinance,0.00994969
SPY,2026-05-01,720.65,yfinance,0.00276904
SPY,2026-05-04,718.01,yfinance,-0.00366336
SPY,2026-05-05,723.77,yfinance,0.00802217
SPY,2026-05-06,733.83,yfinance,0.01389944
SPY,2026-05-07,731.58,yfinance,-0.00306611
SPY,2026-05-08,737.62,yfinance,0.0082561
SPY,2026-05-11,739.3,yfinance,0.0022776
SPY,2026-05-12,738.18,yfinance,-0.00151495
SPY,2026-05-13,742.31,yfinance,0.00559484
SPY,2026-05-14,748.17,yfinance,0.00789428
SPY,2026-05-15,739.17,yfinance,-0.01202935
SPY,2026-05-18,738.65,yfinance,-0.00070349
SPY,2026-05-19,733.73,yfinance,-0.0066608
SPY,2026-05-20,741.25,yfinance,0.010249
SPY,2026-05-21,742.72,yfinance,0.00198314
SPY,2026-05-22,745.64,yfinance,0.0039315
SPY,2026-05-26,750.59,yfinance,0.00663859
SPY,2026-05-27,750.46,yfinance,-0.0001732
SPY,2026-05-28,754.6,yfinance,0.00551662
SPY,2026-05-29,756.48,yfinance,0.00249139
SPY,2026-06-01,758.54,yfinance,0.00272314
SPY,2026-06-02,759.57,yfinance,0.00135787
SPY,2026-06-03,754.24,yfinance,-0.00701713
SPY,2026-06-04,757.09,yfinance,0.00377864
SPY,2026-06-05,737.55,yfinance,-0.02580935
SPY,2026-06-08,739.22,yfinance,0.00226425
SPY,2026-06-09,737.05,yfinance,-0.00293553
SPY,2026-06-10,725.43,yfinance,-0.01576555
SPY,2026-06-11,737.76,yfinance,0.01699682
SPY,2026-06-12,741.75,yfinance,0.00540826
SPY,2026-06-15,754.83,yfinance,0.01763397
SPY,2026-06-16,750.33,yfinance,-0.00596161
SPY,2026-06-17,740.96,yfinance,-0.01248784
TLT,2026-02-18,88.2042,yfinance,
TLT,2026-02-19,88.2929,yfinance,0.00100562
TLT,2026-02-20,88.086,yfinance,-0.00234334
TLT,2026-02-23,88.4111,yfinance,0.00369071
TLT,2026-02-24,88.5688,yfinance,0.00178371
TLT,2026-02-25,88.5786,yfinance,0.00011065
TLT,2026-02-26,88.9333,yfinance,0.00400435
TLT,2026-02-27,89.4751,yfinance,0.00609221
TLT,2026-03-02,88.5766,yfinance,-0.0100419
TLT,2026-03-03,88.3987,yfinance,-0.00200843
TLT,2026-03-04,88.1219,yfinance,-0.00313127
TLT,2026-03-05,87.7661,yfinance,-0.00403759
TLT,2026-03-06,87.4399,yfinance,-0.0037167
TLT,2026-03-09,88.201,yfinance,0.00870426
TLT,2026-03-10,87.2619,yfinance,-0.01064727
TLT,2026-03-11,86.1351,yfinance,-0.01291285
TLT,2026-03-12,85.9671,yfinance,-0.00195042
TLT,2026-03-13,85.542,yfinance,-0.00494491
TLT,2026-03-16,86.2043,yfinance,0.0077424
TLT,2026-03-17,86.4415,yfinance,0.0027516
TLT,2026-03-18,85.9572,yfinance,-0.00560263
TLT,2026-03-19,86.4811,yfinance,0.00609489
TLT,2026-03-20,84.8402,yfinance,-0.01897409
TLT,2026-03-23,85.3937,yfinance,0.00652403
TLT,2026-03-24,85.0181,yfinance,-0.00439845
TLT,2026-03-25,85.8385,yfinance,0.00964971
TLT,2026-03-26,85.117,yfinance,-0.00840532
TLT,2026-03-27,84.6524,yfinance,-0.00545837
TLT,2026-03-30,85.7792,yfinance,0.0133109
TLT,2026-03-31,85.6903,yfinance,-0.00103638
TLT,2026-04-01,85.6059,yfinance,-0.00098494
TLT,2026-04-02,86.1319,yfinance,0.00614444
TLT,2026-04-06,85.993,yfinance,-0.00161264
TLT,2026-04-07,85.983,yfinance,-0.00011629
TLT,2026-04-08,86.2609,yfinance,0.00323203
TLT,2026-04-09,86.0426,yfinance,-0.00253069
TLT,2026-04-10,85.8342,yfinance,-0.00242206
TLT,2026-04-13,86.0922,yfinance,0.00300579
TLT,2026-04-14,86.5487,yfinance,0.00530245
TLT,2026-04-15,86.1716,yfinance,-0.00435708
TLT,2026-04-16,85.6258,yfinance,-0.00633387
TLT,2026-04-17,86.4098,yfinance,0.00915612
TLT,2026-04-20,86.3899,yfinance,-0.0002303
TLT,2026-04-21,85.9136,yfinance,-0.00551338
TLT,2026-04-22,86.0823,yfinance,0.0019636
TLT,2026-04-23,85.8937,yfinance,-0.00219093
TLT,2026-04-24,86.0525,yfinance,0.0018488
TLT,2026-04-27,85.6258,yfinance,-0.0049586
TLT,2026-04-28,85.7151,yfinance,0.00104291
TLT,2026-04-29,85.0502,yfinance,-0.00775709
TLT,2026-04-30,84.9708,yfinance,-0.00093357
TLT,2026-05-01,85.2746,yfinance,0.00357535
TLT,2026-05-04,84.6271,yfinance,-0.00759312
TLT,2026-05-05,85.0953,yfinance,0.00553251
TLT,2026-05-06,85.7427,yfinance,0.00760794
TLT,2026-05-07,85.3144,yfinance,-0.00499518
TLT,2026-05-08,85.7427,yfinance,0.00502025
TLT,2026-05-11,85.2248,yfinance,-0.00604016
TLT,2026-05-12,84.657,yfinance,-0.00666238
TLT,2026-05-13,84.4678,yfinance,-0.0022349
TLT,2026-05-14,84.5873,yfinance,0.00141474
TLT,2026-05-15,83.3322,yfinance,-0.01483792
TLT,2026-05-18,83.2326,yfinance,-0.00119522
TLT,2026-05-19,82.6947,yfinance,-0.00646261
TLT,2026-05-20,83.5813,yfinance,0.01072136
TLT,2026-05-21,83.89,yfinance,0.00369341
TLT,2026-05-22,84.3482,yfinance,0.00546191
TLT,2026-05-26,84.7666,yfinance,0.00496039
TLT,2026-05-27,84.9658,yfinance,0.00234998
TLT,2026-05-28,85.4041,yfinance,0.00515855
TLT,2026-05-29,85.424,yfinance,0.00023301
TLT,2026-06-01,85.47,yfinance,0.00053849
TLT,2026-06-02,85.65,yfinance,0.002106
TLT,2026-06-03,85.31,yfinance,-0.00396964
TLT,2026-06-04,85.5,yfinance,0.00222717
TLT,2026-06-05,85.06,yfinance,-0.0051462
TLT,2026-06-08,84.62,yfinance,-0.00517282
TLT,2026-06-09,85.12,yfinance,0.00590877
TLT,2026-06-10,84.88,yfinance,-0.00281955
TLT,2026-06-11,85.98,yfinance,0.01295947
TLT,2026-06-12,85.77,yfinance,-0.00244243
TLT,2026-06-15,85.72,yfinance,-0.00058295
TLT,2026-06-16,86.19,yfinance,0.00548297
TLT,2026-06-17,86.33,yfinance,0.00162432
USO,2026-02-18,79.4,yfinance,
USO,2026-02-19,81.19,yfinance,0.02254408
USO,2026-02-20,80.85,yfinance,-0.00418771
USO,2026-02-23,80.9,yfinance,0.00061843
USO,2026-02-24,80.76,yfinance,-0.00173053
USO,2026-02-25,79.73,yfinance,-0.01275384
USO,2026-02-26,79.77,yfinance,0.00050169
USO,2026-02-27,81.95,yfinance,0.02732857
USO,2026-03-02,87.19,yfinance,0.06394143
USO,2026-03-03,90.2,yfinance,0.03452231
USO,2026-03-04,91.56,yfinance,0.01507761
USO,2026-03-05,96.31,yfinance,0.05187855
USO,2026-03-06,108.77,yfinance,0.1293739
USO,2026-03-09,104.33,yfinance,-0.04082008
USO,2026-03-10,105.86,yfinance,0.01466501
USO,2026-03-11,108.05,yfinance,0.0206877
USO,2026-03-12,118.39,yfinance,0.09569644
USO,2026-03-13,119.89,yfinance,0.01266999
USO,2026-03-16,115.03,yfinance,-0.04053716
USO,2026-03-17,118.84,yfinance,0.03312179
USO,2026-03-18,121.67,yfinance,0.02381353
USO,2026-03-19,117.36,yfinance,-0.03542369
USO,2026-03-20,121.43,yfinance,0.03467962
USO,2026-03-23,110.56,yfinance,-0.08951659
USO,2026-03-24,114.54,yfinance,0.03599855
USO,2026-03-25,113.39,yfinance,-0.01004016
USO,2026-03-26,117.26,yfinance,0.03412999
USO,2026-03-27,124.2,yfinance,0.05918472
USO,2026-03-30,129.83,yfinance,0.04533011
USO,2026-03-31,127.25,yfinance,-0.01987214
USO,2026-04-01,124.09,yfinance,-0.02483301
USO,2026-04-02,137.92,yfinance,0.11145137
USO,2026-04-06,138.94,yfinance,0.00739559
USO,2026-04-07,138.08,yfinance,-0.00618972
USO,2026-04-08,124.58,yfinance,-0.09776941
USO,2026-04-09,126.96,yfinance,0.01910419
USO,2026-04-10,124.82,yfinance,-0.0168557
USO,2026-04-13,128.47,yfinance,0.02924211
USO,2026-04-14,123.85,yfinance,-0.0359617
USO,2026-04-15,122.59,yfinance,-0.0101736
USO,2026-04-16,125.84,yfinance,0.02651113
USO,2026-04-17,116.04,yfinance,-0.07787667
USO,2026-04-20,121.32,yfinance,0.04550155
USO,2026-04-21,128.25,yfinance,0.05712166
USO,2026-04-22,129.4,yfinance,0.00896686
USO,2026-04-23,134.72,yfinance,0.04111283
USO,2026-04-24,132.4,yfinance,-0.0172209
USO,2026-04-27,134.72,yfinance,0.01752266
USO,2026-04-28,139.6,yfinance,0.03622328
USO,2026-04-29,150.63,yfinance,0.07901146
USO,2026-04-30,147.09,yfinance,-0.02350129
USO,2026-05-01,142.8,yfinance,-0.02916582
USO,2026-05-04,147.61,yfinance,0.03368347
USO,2026-05-05,144.17,yfinance,-0.02330465
USO,2026-05-06,133.95,yfinance,-0.07088853
USO,2026-05-07,134.97,yfinance,0.00761478
USO,2026-05-08,133.59,yfinance,-0.01022449
USO,2026-05-11,138.66,yfinance,0.03795194
USO,2026-05-12,144.3,yfinance,0.04067503
USO,2026-05-13,142.04,yfinance,-0.01566182
USO,2026-05-14,143.0,yfinance,0.00675866
USO,2026-05-15,148.23,yfinance,0.03657343
USO,2026-05-18,149.29,yfinance,0.00715105
USO,2026-05-19,152.96,yfinance,0.02458303
USO,2026-05-20,144.27,yfinance,-0.05681224
USO,2026-05-21,142.54,yfinance,-0.01199141
USO,2026-05-22,140.92,yfinance,-0.01136523
USO,2026-05-26,137.0,yfinance,-0.0278172
USO,2026-05-27,131.03,yfinance,-0.04357664
USO,2026-05-28,130.78,yfinance,-0.00190796
USO,2026-05-29,129.09,yfinance,-0.01292247
USO,2026-06-01,135.5,yfinance,0.04965528
USO,2026-06-02,137.27,yfinance,0.01306273
USO,2026-06-03,140.86,yfinance,0.02615284
USO,2026-06-04,136.74,yfinance,-0.0292489
USO,2026-06-05,133.02,yfinance,-0.02720491
USO,2026-06-08,135.15,yfinance,0.01601263
USO,2026-06-09,131.3,yfinance,-0.02848687
USO,2026-06-10,134.3,yfinance,0.02284844
USO,2026-06-11,128.83,yfinance,-0.04072971
USO,2026-06-12,125.43,yfinance,-0.02639137
USO,2026-06-15,121.21,yfinance,-0.03364426
USO,2026-06-16,115.47,yfinance,-0.04735583
USO,2026-06-17,114.23,yfinance,-0.01073872
