ticker,price_date,close,adj_close,source
AAPL,2026-02-18,264.1067,264.1067,yfinance
MSFT,2026-02-18,397.8283,397.8283,yfinance
NVDA,2026-02-18,187.751,187.751,yfinance
AMZN,2026-02-18,204.79,204.79,yfinance
GOOGL,2026-02-18,302.9357,302.9357,yfinance
JPM,2026-02-18,307.2078,307.2078,yfinance
XOM,2026-02-18,149.6642,149.6642,yfinance
LLY,2026-02-18,1018.8062,1018.8062,yfinance
TLT,2026-02-18,88.2042,88.2042,yfinance
HYG,2026-02-18,79.3029,79.3029,yfinance
AAPL,2026-02-19,260.3401,260.3401,yfinance
MSFT,2026-02-19,397.5988,397.5988,yfinance
NVDA,2026-02-19,187.6711,187.6711,yfinance
AMZN,2026-02-19,204.86,204.86,yfinance
GOOGL,2026-02-19,302.4563,302.4563,yfinance
JPM,2026-02-19,306.4815,306.4815,yfinance
XOM,2026-02-19,149.9522,149.9522,yfinance
LLY,2026-02-19,1021.4616,1021.4616,yfinance
TLT,2026-02-19,88.2929,88.2929,yfinance
HYG,2026-02-19,79.3323,79.3323,yfinance
AAPL,2026-02-20,264.3365,264.3365,yfinance
MSFT,2026-02-20,396.3715,396.3715,yfinance
NVDA,2026-02-20,189.5888,189.5888,yfinance
AMZN,2026-02-20,210.11,210.11,yfinance
GOOGL,2026-02-20,314.5706,314.5706,yfinance
JPM,2026-02-20,309.2076,309.2076,yfinance
XOM,2026-02-20,146.2871,146.2871,yfinance
LLY,2026-02-20,1007.7852,1007.7852,yfinance
TLT,2026-02-20,88.086,88.086,yfinance
HYG,2026-02-20,79.3911,79.3911,yfinance
AAPL,2026-02-23,265.935,265.935,yfinance
MSFT,2026-02-23,383.6391,383.6391,yfinance
NVDA,2026-02-23,191.3167,191.3167,yfinance
AMZN,2026-02-23,205.27,205.27,yfinance
GOOGL,2026-02-23,311.0851,311.0851,yfinance
JPM,2026-02-23,296.1544,296.1544,yfinance
XOM,2026-02-23,149.7436,149.7436,yfinance
LLY,2026-02-23,1056.741,1056.741,yfinance
TLT,2026-02-23,88.4111,88.4111,yfinance
HYG,2026-02-23,79.2636,79.2636,yfinance
AAPL,2026-02-24,271.8895,271.8895,yfinance
MSFT,2026-02-24,388.1593,388.1593,yfinance
NVDA,2026-02-24,192.6151,192.6151,yfinance
AMZN,2026-02-24,208.56,208.56,yfinance
GOOGL,2026-02-24,310.4958,310.4958,yfinance
JPM,2026-02-24,295.7862,295.7862,yfinance
XOM,2026-02-24,148.2537,148.2537,yfinance
LLY,2026-02-24,1040.3591,1040.3591,yfinance
TLT,2026-02-24,88.5688,88.5688,yfinance
HYG,2026-02-24,79.2048,79.2048,yfinance
AAPL,2026-02-25,273.9776,273.9776,yfinance
MSFT,2026-02-25,399.7342,399.7342,yfinance
NVDA,2026-02-25,195.3218,195.3218,yfinance
AMZN,2026-02-25,210.64,210.64,yfinance
GOOGL,2026-02-25,312.4933,312.4933,yfinance
JPM,2026-02-25,301.7557,301.7557,yfinance
XOM,2026-02-25,148.0551,148.0551,yfinance
LLY,2026-02-25,1027.062,1027.062,yfinance
TLT,2026-02-25,88.5786,88.5786,yfinance
HYG,2026-02-25,79.3126,79.3126,yfinance
AAPL,2026-02-26,272.6988,272.6988,yfinance
MSFT,2026-02-26,400.8518,400.8518,yfinance
NVDA,2026-02-26,184.6648,184.6648,yfinance
AMZN,2026-02-26,207.92,207.92,yfinance
GOOGL,2026-02-26,306.9804,306.9804,yfinance
JPM,2026-02-26,304.5713,304.5713,yfinance
XOM,2026-02-26,147.5386,147.5386,yfinance
LLY,2026-02-26,1020.2637,1020.2637,yfinance
TLT,2026-02-26,88.9333,88.9333,yfinance
HYG,2026-02-26,79.244,79.244,yfinance
AAPL,2026-02-27,263.9368,263.9368,yfinance
MSFT,2026-02-27,391.8912,391.8912,yfinance
NVDA,2026-02-27,176.9742,176.9742,yfinance
AMZN,2026-02-27,210.0,210.0,yfinance
GOOGL,2026-02-27,311.3547,311.3547,yfinance
JPM,2026-02-27,298.771,298.771,yfinance
XOM,2026-02-27,151.4719,151.4719,yfinance
LLY,2026-02-27,1050.1821,1050.1821,yfinance
TLT,2026-02-27,89.4751,89.4751,yfinance
HYG,2026-02-27,79.1166,79.1166,yfinance
AAPL,2026-03-02,264.4763,264.4763,yfinance
MSFT,2026-03-02,397.6886,397.6886,yfinance
NVDA,2026-03-02,182.2577,182.2577,yfinance
AMZN,2026-03-02,208.39,208.39,yfinance
GOOGL,2026-03-02,306.1215,306.1215,yfinance
JPM,2026-03-02,296.0449,296.0449,yfinance
XOM,2026-03-02,153.1803,153.1803,yfinance
LLY,2026-03-02,1016.2206,1016.2206,yfinance
TLT,2026-03-02,88.5766,88.5766,yfinance
HYG,2026-03-02,79.0713,79.0713,yfinance
AAPL,2026-03-03,263.5072,263.5072,yfinance
MSFT,2026-03-03,403.057,403.057,yfinance
NVDA,2026-03-03,179.8307,179.8307,yfinance
AMZN,2026-03-03,208.73,208.73,yfinance
GOOGL,2026-03-03,303.1853,303.1853,yfinance
JPM,2026-03-03,298.7312,298.7312,yfinance
XOM,2026-03-03,150.8064,150.8064,yfinance
LLY,2026-03-03,1005.9982,1005.9982,yfinance
TLT,2026-03-03,88.3987,88.3987,yfinance
HYG,2026-03-03,78.9137,78.9137,yfinance
AAPL,2026-03-04,262.2784,262.2784,yfinance
MSFT,2026-03-04,404.3243,404.3243,yfinance
NVDA,2026-03-04,182.817,182.817,yfinance
AMZN,2026-03-04,216.82,216.82,yfinance
GOOGL,2026-03-04,302.736,302.736,yfinance
JPM,2026-03-04,297.8656,297.8656,yfinance
XOM,2026-03-04,148.81,148.81,yfinance
LLY,2026-03-04,1001.8454,1001.8454,yfinance
TLT,2026-03-04,88.1219,88.1219,yfinance
HYG,2026-03-04,79.1895,79.1895,yfinance
AAPL,2026-03-05,260.0504,260.0504,yfinance
MSFT,2026-03-05,409.7924,409.7924,yfinance
NVDA,2026-03-05,183.1167,183.1167,yfinance
AMZN,2026-03-05,218.94,218.94,yfinance
GOOGL,2026-03-05,300.4889,300.4889,yfinance
JPM,2026-03-05,292.0553,292.0553,yfinance
XOM,2026-03-05,149.7436,149.7436,yfinance
LLY,2026-03-05,981.5703,981.5703,yfinance
TLT,2026-03-05,87.7661,87.7661,yfinance
HYG,2026-03-05,78.8743,78.8743,yfinance
AAPL,2026-03-06,257.223,257.223,yfinance
MSFT,2026-03-06,408.0761,408.0761,yfinance
NVDA,2026-03-06,177.6034,177.6034,yfinance
AMZN,2026-03-06,213.21,213.21,yfinance
GOOGL,2026-03-06,298.1319,298.1319,yfinance
JPM,2026-03-06,288.0061,288.0061,yfinance
XOM,2026-03-06,150.1906,150.1906,yfinance
LLY,2026-03-06,988.6282,988.6282,yfinance
TLT,2026-03-06,87.4399,87.4399,yfinance
HYG,2026-03-06,78.4902,78.4902,yfinance
AAPL,2026-03-09,259.6408,259.6408,yfinance
MSFT,2026-03-09,408.5252,408.5252,yfinance
NVDA,2026-03-09,182.4275,182.4275,yfinance
AMZN,2026-03-09,213.49,213.49,yfinance
GOOGL,2026-03-09,306.1771,306.1771,yfinance
JPM,2026-03-09,288.4438,288.4438,yfinance
XOM,2026-03-09,149.4258,149.4258,yfinance
LLY,2026-03-09,1006.6572,1006.6572,yfinance
TLT,2026-03-09,88.201,88.201,yfinance
HYG,2026-03-09,78.963,78.963,yfinance
AAPL,2026-03-10,260.5899,260.5899,yfinance
MSFT,2026-03-10,404.8831,404.8831,yfinance
NVDA,2026-03-10,184.5449,184.5449,yfinance
AMZN,2026-03-10,214.33,214.33,yfinance
GOOGL,2026-03-10,306.8567,306.8567,yfinance
JPM,2026-03-10,287.2599,287.2599,yfinance
XOM,2026-03-10,147.1314,147.1314,yfinance
LLY,2026-03-10,999.6292,999.6292,yfinance
TLT,2026-03-10,87.2619,87.2619,yfinance
HYG,2026-03-10,78.8349,78.8349,yfinance
AAPL,2026-03-11,260.5699,260.5699,yfinance
MSFT,2026-03-11,404.005,404.005,yfinance
NVDA,2026-03-11,185.8134,185.8134,yfinance
AMZN,2026-03-11,212.65,212.65,yfinance
GOOGL,2026-03-11,308.5157,308.5157,yfinance
JPM,2026-03-11,286.056,286.056,yfinance
XOM,2026-03-11,150.5581,150.5581,yfinance
LLY,2026-03-11,998.1218,998.1218,yfinance
TLT,2026-03-11,86.1351,86.1351,yfinance
HYG,2026-03-11,78.6576,78.6576,yfinance
AAPL,2026-03-12,255.5246,255.5246,yfinance
MSFT,2026-03-12,400.9915,400.9915,yfinance
NVDA,2026-03-12,182.9268,182.9268,yfinance
AMZN,2026-03-12,209.53,209.53,yfinance
GOOGL,2026-03-12,303.3688,303.3688,yfinance
JPM,2026-03-12,281.4496,281.4496,yfinance
XOM,2026-03-12,152.4949,152.4949,yfinance
LLY,2026-03-12,975.5706,975.5706,yfinance
TLT,2026-03-12,85.9671,85.9671,yfinance
HYG,2026-03-12,78.1553,78.1553,yfinance
AAPL,2026-03-13,249.8898,249.8898,yfinance
MSFT,2026-03-13,394.6951,394.6951,yfinance
NVDA,2026-03-13,180.0402,180.0402,yfinance
AMZN,2026-03-13,207.67,207.67,yfinance
GOOGL,2026-03-13,302.0995,302.0995,yfinance
JPM,2026-03-13,281.9968,281.9968,yfinance
XOM,2026-03-13,155.0675,155.0675,yfinance
LLY,2026-03-13,983.3872,983.3872,yfinance
TLT,2026-03-13,85.542,85.542,yfinance
HYG,2026-03-13,78.0076,78.0076,yfinance
AAPL,2026-03-16,252.5873,252.5873,yfinance
MSFT,2026-03-16,399.0856,399.0856,yfinance
NVDA,2026-03-16,183.0067,183.0067,yfinance
AMZN,2026-03-16,211.74,211.74,yfinance
GOOGL,2026-03-16,305.3776,305.3776,yfinance
JPM,2026-03-16,284.703,284.703,yfinance
XOM,2026-03-16,156.17,156.17,yfinance
LLY,2026-03-16,987.4202,987.4202,yfinance
TLT,2026-03-16,86.2043,86.2043,yfinance
HYG,2026-03-16,78.2538,78.2538,yfinance
AAPL,2026-03-17,253.996,253.996,yfinance
MSFT,2026-03-17,398.5468,398.5468,yfinance
NVDA,2026-03-17,181.7182,181.7182,yfinance
AMZN,2026-03-17,215.2,215.2,yfinance
GOOGL,2026-03-17,310.7344,310.7344,yfinance
JPM,2026-03-17,285.4293,285.4293,yfinance
XOM,2026-03-17,157.7393,157.7393,yfinance
LLY,2026-03-17,928.7512,928.7512,yfinance
TLT,2026-03-17,86.4415,86.4415,yfinance
HYG,2026-03-17,78.6084,78.6084,yfinance
AAPL,2026-03-18,249.7099,249.7099,yfinance
MSFT,2026-03-18,390.9433,390.9433,yfinance
NVDA,2026-03-18,180.19,180.19,yfinance
AMZN,2026-03-18,209.87,209.87,yfinance
GOOGL,2026-03-18,307.5063,307.5063,yfinance
JPM,2026-03-18,286.2749,286.2749,yfinance
XOM,2026-03-18,156.5276,156.5276,yfinance
LLY,2026-03-18,916.4724,916.4724,yfinance
TLT,2026-03-18,85.9572,85.9572,yfinance
HYG,2026-03-18,78.2046,78.2046,yfinance
AAPL,2026-03-19,248.7309,248.7309,yfinance
MSFT,2026-03-19,388.1792,388.1792,yfinance
NVDA,2026-03-19,178.3521,178.3521,yfinance
AMZN,2026-03-19,208.76,208.76,yfinance
GOOGL,2026-03-19,306.9467,306.9467,yfinance
JPM,2026-03-19,286.5038,286.5038,yfinance
XOM,2026-03-19,157.0937,157.0937,yfinance
LLY,2026-03-19,915.9233,915.9233,yfinance
TLT,2026-03-19,86.4811,86.4811,yfinance
HYG,2026-03-19,78.4607,78.4607,yfinance
AAPL,2026-03-20,247.7617,247.7617,yfinance
MSFT,2026-03-20,381.0447,381.0447,yfinance
NVDA,2026-03-20,172.4989,172.4989,yfinance
AMZN,2026-03-20,205.37,205.37,yfinance
GOOGL,2026-03-20,300.8203,300.8203,yfinance
JPM,2026-03-20,285.1009,285.1009,yfinance
XOM,2026-03-20,158.5936,158.5936,yfinance
LLY,2026-03-20,905.1419,905.1419,yfinance
TLT,2026-03-20,84.8402,84.8402,yfinance
HYG,2026-03-20,77.7318,77.7318,yfinance
AAPL,2026-03-23,251.2585,251.2585,yfinance
MSFT,2026-03-23,382.1723,382.1723,yfinance
NVDA,2026-03-23,175.4355,175.4355,yfinance
AMZN,2026-03-23,210.14,210.14,yfinance
GOOGL,2026-03-23,301.8797,301.8797,yfinance
JPM,2026-03-23,288.4339,288.4339,yfinance
XOM,2026-03-23,160.0437,160.0437,yfinance
LLY,2026-03-23,908.9852,908.9852,yfinance
TLT,2026-03-23,85.3937,85.3937,yfinance
HYG,2026-03-23,78.244,78.244,yfinance
AAPL,2026-03-24,251.4084,251.4084,yfinance
MSFT,2026-03-24,371.9344,371.9344,yfinance
NVDA,2026-03-24,174.996,174.996,yfinance
AMZN,2026-03-24,207.24,207.24,yfinance
GOOGL,2026-03-24,290.2666,290.2666,yfinance
JPM,2026-03-24,290.9112,290.9112,yfinance
XOM,2026-03-24,164.2651,164.2651,yfinance
LLY,2026-03-24,901.4682,901.4682,yfinance
TLT,2026-03-24,85.0181,85.0181,yfinance
HYG,2026-03-24,77.978,77.978,yfinance
AAPL,2026-03-25,252.3875,252.3875,yfinance
MSFT,2026-03-25,370.2381,370.2381,yfinance
NVDA,2026-03-25,178.472,178.472,yfinance
AMZN,2026-03-25,211.71,211.71,yfinance
GOOGL,2026-03-25,290.7563,290.7563,yfinance
JPM,2026-03-25,293.9158,293.9158,yfinance
XOM,2026-03-25,162.1593,162.1593,yfinance
LLY,2026-03-25,914.7354,914.7354,yfinance
TLT,2026-03-25,85.8385,85.8385,yfinance
HYG,2026-03-25,78.2243,78.2243,yfinance
AAPL,2026-03-26,252.6572,252.6572,yfinance
MSFT,2026-03-26,365.1791,365.1791,yfinance
NVDA,2026-03-26,171.0407,171.0407,yfinance
AMZN,2026-03-26,207.54,207.54,yfinance
GOOGL,2026-03-26,280.7523,280.7523,yfinance
JPM,2026-03-26,290.175,290.175,yfinance
XOM,2026-03-26,164.3147,164.3147,yfinance
LLY,2026-03-26,895.4586,895.4586,yfinance
TLT,2026-03-26,85.117,85.117,yfinance
HYG,2026-03-26,77.7318,77.7318,yfinance
AAPL,2026-03-27,248.571,248.571,yfinance
MSFT,2026-03-27,355.9989,355.9989,yfinance
NVDA,2026-03-27,167.325,167.325,yfinance
AMZN,2026-03-27,199.34,199.34,yfinance
GOOGL,2026-03-27,274.1762,274.1762,yfinance
JPM,2026-03-27,281.3999,281.3999,yfinance
XOM,2026-03-27,169.8372,169.8372,yfinance
LLY,2026-03-27,876.7308,876.7308,yfinance
TLT,2026-03-27,84.6524,84.6524,yfinance
HYG,2026-03-27,77.5348,77.5348,yfinance
AAPL,2026-03-30,246.403,246.403,yfinance
MSFT,2026-03-30,358.1842,358.1842,yfinance
NVDA,2026-03-30,164.9777,164.9777,yfinance
AMZN,2026-03-30,200.95,200.95,yfinance
GOOGL,2026-03-30,273.3367,273.3367,yfinance
JPM,2026-03-30,282.3251,282.3251,yfinance
XOM,2026-03-30,170.314,170.314,yfinance
LLY,2026-03-30,885.1064,885.1064,yfinance
TLT,2026-03-30,85.7792,85.7792,yfinance
HYG,2026-03-30,77.6234,77.6234,yfinance
AAPL,2026-03-31,253.5564,253.5564,yfinance
MSFT,2026-03-31,369.37,369.37,yfinance
NVDA,2026-03-31,174.197,174.197,yfinance
AMZN,2026-03-31,208.27,208.27,yfinance
GOOGL,2026-03-31,287.3883,287.3883,yfinance
JPM,2026-03-31,292.6622,292.6622,yfinance
XOM,2026-03-31,168.5162,168.5162,yfinance
LLY,2026-03-31,918.1895,918.1895,yfinance
TLT,2026-03-31,85.6903,85.6903,yfinance
HYG,2026-03-31,78.3622,78.3622,yfinance
AAPL,2026-04-01,255.3947,255.3947,yfinance
MSFT,2026-04-01,368.5717,368.5717,yfinance
NVDA,2026-04-01,175.5454,175.5454,yfinance
AMZN,2026-04-01,210.57,210.57,yfinance
GOOGL,2026-04-01,297.2125,297.2125,yfinance
JPM,2026-04-01,293.876,293.876,yfinance
XOM,2026-04-01,159.6961,159.6961,yfinance
LLY,2026-04-01,952.8797,952.8797,yfinance
TLT,2026-04-01,85.6059,85.6059,yfinance
HYG,2026-04-01,78.5542,78.5542,yfinance
AAPL,2026-04-02,255.6844,255.6844,yfinance
MSFT,2026-04-02,372.6529,372.6529,yfinance
NVDA,2026-04-02,177.1835,177.1835,yfinance
AMZN,2026-04-02,209.77,209.77,yfinance
GOOGL,2026-04-02,295.5934,295.5934,yfinance
JPM,2026-04-02,293.1,293.1,yfinance
XOM,2026-04-02,159.6067,159.6067,yfinance
LLY,2026-04-02,933.9722,933.9722,yfinance
TLT,2026-04-02,86.1319,86.1319,yfinance
HYG,2026-04-02,78.7422,78.7422,yfinance
AAPL,2026-04-06,258.6217,258.6217,yfinance
MSFT,2026-04-06,372.0741,372.0741,yfinance
NVDA,2026-04-06,177.4332,177.4332,yfinance
AMZN,2026-04-06,212.79,212.79,yfinance
GOOGL,2026-04-06,299.8109,299.8109,yfinance
JPM,2026-04-06,295.45,295.45,yfinance
XOM,2026-04-06,162.2686,162.2686,yfinance
LLY,2026-04-06,925.4669,925.4669,yfinance
TLT,2026-04-06,85.993,85.993,yfinance
HYG,2026-04-06,78.8808,78.8808,yfinance
AAPL,2026-04-07,253.2667,253.2667,yfinance
MSFT,2026-04-07,371.4854,371.4854,yfinance
NVDA,2026-04-07,177.8927,177.8927,yfinance
AMZN,2026-04-07,213.77,213.77,yfinance
GOOGL,2026-04-07,305.2776,305.2776,yfinance
JPM,2026-04-07,297.4,297.4,yfinance
XOM,2026-04-07,162.805,162.805,yfinance
LLY,2026-04-07,929.49,929.49,yfinance
TLT,2026-04-07,85.983,85.983,yfinance
HYG,2026-04-07,78.9006,78.9006,yfinance
AAPL,2026-04-08,258.6617,258.6617,yfinance
MSFT,2026-04-08,373.521,373.521,yfinance
NVDA,2026-04-08,181.868,181.868,yfinance
AMZN,2026-04-08,221.25,221.25,yfinance
GOOGL,2026-04-08,317.1306,317.1306,yfinance
JPM,2026-04-08,307.97,307.97,yfinance
XOM,2026-04-08,155.1668,155.1668,yfinance
LLY,2026-04-08,951.6618,951.6618,yfinance
TLT,2026-04-08,86.2609,86.2609,yfinance
HYG,2026-04-08,79.3657,79.3657,yfinance
AAPL,2026-04-09,260.2502,260.2502,yfinance
MSFT,2026-04-09,372.2637,372.2637,yfinance
NVDA,2026-04-09,183.6959,183.6959,yfinance
AMZN,2026-04-09,233.65,233.65,yfinance
GOOGL,2026-04-09,318.2999,318.2999,yfinance
JPM,2026-04-09,310.33,310.33,yfinance
XOM,2026-04-09,153.9948,153.9948,yfinance
LLY,2026-04-09,953.5485,953.5485,yfinance
TLT,2026-04-09,86.0426,86.0426,yfinance
HYG,2026-04-09,79.4548,79.4548,yfinance
AAPL,2026-04-10,260.2402,260.2402,yfinance
MSFT,2026-04-10,370.0685,370.0685,yfinance
NVDA,2026-04-10,188.4104,188.4104,yfinance
AMZN,2026-04-10,238.38,238.38,yfinance
GOOGL,2026-04-10,317.0506,317.0506,yfinance
JPM,2026-04-10,309.87,309.87,yfinance
XOM,2026-04-10,151.4818,151.4818,yfinance
LLY,2026-04-10,937.8555,937.8555,yfinance
TLT,2026-04-10,85.8342,85.8342,yfinance
HYG,2026-04-10,79.1381,79.1381,yfinance
AAPL,2026-04-13,258.9614,258.9614,yfinance
MSFT,2026-04-13,383.5393,383.5393,yfinance
NVDA,2026-04-13,189.0896,189.0896,yfinance
AMZN,2026-04-13,239.89,239.89,yfinance
GOOGL,2026-04-13,321.1182,321.1182,yfinance
JPM,2026-04-13,313.68,313.68,yfinance
XOM,2026-04-13,151.6109,151.6109,yfinance
LLY,2026-04-13,927.9526,927.9526,yfinance
TLT,2026-04-13,86.0922,86.0922,yfinance
HYG,2026-04-13,79.435,79.435,yfinance
AAPL,2026-04-14,258.5917,258.5917,yfinance
MSFT,2026-04-14,392.2604,392.2604,yfinance
NVDA,2026-04-14,196.2812,196.2812,yfinance
AMZN,2026-04-14,249.02,249.02,yfinance
GOOGL,2026-04-14,332.7113,332.7113,yfinance
JPM,2026-04-14,311.12,311.12,yfinance
XOM,2026-04-14,148.2339,148.2339,yfinance
LLY,2026-04-14,920.9147,920.9147,yfinance
TLT,2026-04-14,86.5487,86.5487,yfinance
HYG,2026-04-14,79.6725,79.6725,yfinance
AAPL,2026-04-15,266.1848,266.1848,yfinance
MSFT,2026-04-15,410.3313,410.3313,yfinance
NVDA,2026-04-15,198.6385,198.6385,yfinance
AMZN,2026-04-15,248.5,248.5,yfinance
GOOGL,2026-04-15,336.9188,336.9188,yfinance
JPM,2026-04-15,305.93,305.93,yfinance
XOM,2026-04-15,148.0054,148.0054,yfinance
LLY,2026-04-15,903.4748,903.4748,yfinance
TLT,2026-04-15,86.1716,86.1716,yfinance
HYG,2026-04-15,79.633,79.633,yfinance
AAPL,2026-04-16,263.1575,263.1575,yfinance
MSFT,2026-04-16,419.3517,419.3517,yfinance
NVDA,2026-04-16,198.1191,198.1191,yfinance
AMZN,2026-04-16,249.7,249.7,yfinance
GOOGL,2026-04-16,335.8194,335.8194,yfinance
JPM,2026-04-16,309.95,309.95,yfinance
XOM,2026-04-16,150.9554,150.9554,yfinance
LLY,2026-04-16,902.4365,902.4365,yfinance
TLT,2026-04-16,85.6258,85.6258,yfinance
HYG,2026-04-16,79.5241,79.5241,yfinance
AAPL,2026-04-17,269.9813,269.9813,yfinance
MSFT,2026-04-17,421.8763,421.8763,yfinance
NVDA,2026-04-17,201.4452,201.4452,yfinance
AMZN,2026-04-17,250.56,250.56,yfinance
GOOGL,2026-04-17,341.476,341.476,yfinance
JPM,2026-04-17,310.29,310.29,yfinance
XOM,2026-04-17,145.4527,145.4527,yfinance
LLY,2026-04-17,925.437,925.437,yfinance
TLT,2026-04-17,86.4098,86.4098,yfinance
HYG,2026-04-17,79.821,79.821,yfinance
AAPL,2026-04-20,272.7986,272.7986,yfinance
MSFT,2026-04-20,417.1665,417.1665,yfinance
NVDA,2026-04-20,201.8248,201.8248,yfinance
AMZN,2026-04-20,248.28,248.28,yfinance
GOOGL,2026-04-20,337.2186,337.2186,yfinance
JPM,2026-04-20,316.99,316.99,yfinance
XOM,2026-04-20,146.6844,146.6844,yfinance
LLY,2026-04-20,918.3192,918.3192,yfinance
TLT,2026-04-20,86.3899,86.3899,yfinance
HYG,2026-04-20,79.7517,79.7517,yfinance
AAPL,2026-04-21,265.925,265.925,yfinance
MSFT,2026-04-21,423.2433,423.2433,yfinance
NVDA,2026-04-21,199.6473,199.6473,yfinance
AMZN,2026-04-21,249.91,249.91,yfinance
GOOGL,2026-04-21,332.0916,332.0916,yfinance
JPM,2026-04-21,313.0,313.0,yfinance
XOM,2026-04-21,147.3598,147.3598,yfinance
LLY,2026-04-21,901.4682,901.4682,yfinance
TLT,2026-04-21,85.9136,85.9136,yfinance
HYG,2026-04-21,79.5439,79.5439,yfinance
AAPL,2026-04-22,272.9186,272.9186,yfinance
MSFT,2026-04-22,431.9844,431.9844,yfinance
NVDA,2026-04-22,202.2643,202.2643,yfinance
AMZN,2026-04-22,255.36,255.36,yfinance
GOOGL,2026-04-22,339.1175,339.1175,yfinance
JPM,2026-04-22,313.02,313.02,yfinance
XOM,2026-04-22,148.4921,148.4921,yfinance
LLY,2026-04-22,919.8964,919.8964,yfinance
TLT,2026-04-22,86.0823,86.0823,yfinance
HYG,2026-04-22,79.6725,79.6725,yfinance
AAPL,2026-04-23,273.1783,273.1783,yfinance
MSFT,2026-04-23,414.8515,414.8515,yfinance
NVDA,2026-04-23,199.4076,199.4076,yfinance
AMZN,2026-04-23,255.08,255.08,yfinance
GOOGL,2026-04-23,338.6877,338.6877,yfinance
JPM,2026-04-23,311.69,311.69,yfinance
XOM,2026-04-23,149.5152,149.5152,yfinance
LLY,2026-04-23,916.0731,916.0731,yfinance
TLT,2026-04-23,85.8937,85.8937,yfinance
HYG,2026-04-23,79.5439,79.5439,yfinance
AAPL,2026-04-24,270.8105,270.8105,yfinance
MSFT,2026-04-24,423.7023,423.7023,yfinance
NVDA,2026-04-24,208.0275,208.0275,yfinance
AMZN,2026-04-24,263.99,263.99,yfinance
GOOGL,2026-04-24,344.1944,344.1944,yfinance
JPM,2026-04-24,308.28,308.28,yfinance
XOM,2026-04-24,147.9061,147.9061,yfinance
LLY,2026-04-24,882.441,882.441,yfinance
TLT,2026-04-24,86.0525,86.0525,yfinance
HYG,2026-04-24,79.6528,79.6528,yfinance
AAPL,2026-04-27,267.3636,267.3636,yfinance
MSFT,2026-04-27,423.9019,423.9019,yfinance
NVDA,2026-04-27,216.3578,216.3578,yfinance
AMZN,2026-04-27,261.12,261.12,yfinance
GOOGL,2026-04-27,350.1309,350.1309,yfinance
JPM,2026-04-27,311.63,311.63,yfinance
XOM,2026-04-27,147.1909,147.1909,yfinance
LLY,2026-04-27,866.778,866.778,yfinance
TLT,2026-04-27,85.6258,85.6258,yfinance
HYG,2026-04-27,79.6824,79.6824,yfinance
AAPL,2026-04-28,270.4608,270.4608,yfinance
MSFT,2026-04-28,428.3223,428.3223,yfinance
NVDA,2026-04-28,212.9218,212.9218,yfinance
AMZN,2026-04-28,259.7,259.7,yfinance
GOOGL,2026-04-28,349.5712,349.5712,yfinance
JPM,2026-04-28,311.45,311.45,yfinance
XOM,2026-04-28,149.545,149.545,yfinance
LLY,2026-04-28,872.498,872.498,yfinance
TLT,2026-04-28,85.7151,85.7151,yfinance
HYG,2026-04-28,79.5736,79.5736,yfinance
AAPL,2026-04-29,269.9213,269.9213,yfinance
MSFT,2026-04-29,423.5426,423.5426,yfinance
NVDA,2026-04-29,209.0064,209.0064,yfinance
AMZN,2026-04-29,263.04,263.04,yfinance
GOOGL,2026-04-29,349.7311,349.7311,yfinance
JPM,2026-04-29,309.25,309.25,yfinance
XOM,2026-04-29,153.6273,153.6273,yfinance
LLY,2026-04-29,849.7473,849.7473,yfinance
TLT,2026-04-29,85.0502,85.0502,yfinance
HYG,2026-04-29,79.3064,79.3064,yfinance
AAPL,2026-04-30,271.1003,271.1003,yfinance
MSFT,2026-04-30,406.8987,406.8987,yfinance
NVDA,2026-04-30,199.3377,199.3377,yfinance
AMZN,2026-04-30,265.06,265.06,yfinance
GOOGL,2026-04-30,384.5703,384.5703,yfinance
JPM,2026-04-30,313.23,313.23,yfinance
XOM,2026-04-30,153.2896,153.2896,yfinance
LLY,2026-04-30,932.9939,932.9939,yfinance
TLT,2026-04-30,84.9708,84.9708,yfinance
HYG,2026-04-30,79.5538,79.5538,yfinance
AAPL,2026-05-01,279.8821,279.8821,yfinance
MSFT,2026-05-01,413.5443,413.5443,yfinance
NVDA,2026-05-01,198.219,198.219,yfinance
AMZN,2026-05-01,268.26,268.26,yfinance
GOOGL,2026-05-01,385.4598,385.4598,yfinance
JPM,2026-05-01,312.47,312.47,yfinance
XOM,2026-05-01,151.7202,151.7202,yfinance
LLY,2026-05-01,961.6746,961.6746,yfinance
TLT,2026-05-01,85.2746,85.2746,yfinance
HYG,2026-05-01,79.6523,79.6523,yfinance
AAPL,2026-05-04,276.5752,276.5752,yfinance
MSFT,2026-05-04,412.7261,412.7261,yfinance
NVDA,2026-05-04,198.2489,198.2489,yfinance
AMZN,2026-05-04,272.05,272.05,yfinance
GOOGL,2026-05-04,383.0212,383.0212,yfinance
JPM,2026-05-04,307.65,307.65,yfinance
XOM,2026-05-04,152.6539,152.6539,yfinance
LLY,2026-05-04,966.2667,966.2667,yfinance
TLT,2026-05-04,84.6271,84.6271,yfinance
HYG,2026-05-04,79.3936,79.3936,yfinance
AAPL,2026-05-05,283.9184,283.9184,yfinance
MSFT,2026-05-05,410.4909,410.4909,yfinance
NVDA,2026-05-05,196.2712,196.2712,yfinance
AMZN,2026-05-05,273.55,273.55,yfinance
GOOGL,2026-05-05,388.1981,388.1981,yfinance
JPM,2026-05-05,309.4,309.4,yfinance
XOM,2026-05-05,153.8358,153.8358,yfinance
LLY,2026-05-05,987.1707,987.1707,yfinance
TLT,2026-05-05,85.0953,85.0953,yfinance
HYG,2026-05-05,79.513,79.513,yfinance
AAPL,2026-05-06,287.2454,287.2454,yfinance
MSFT,2026-05-06,413.0653,413.0653,yfinance
NVDA,2026-05-06,207.5881,207.5881,yfinance
AMZN,2026-05-06,274.99,274.99,yfinance
GOOGL,2026-05-06,397.8024,397.8024,yfinance
JPM,2026-05-06,314.9,314.9,yfinance
XOM,2026-05-06,147.6876,147.6876,yfinance
LLY,2026-05-06,985.3538,985.3538,yfinance
TLT,2026-05-06,85.7427,85.7427,yfinance
HYG,2026-05-06,79.7518,79.7518,yfinance
AAPL,2026-05-07,287.1754,287.1754,yfinance
MSFT,2026-05-07,419.8606,419.8606,yfinance
NVDA,2026-05-07,211.2538,211.2538,yfinance
AMZN,2026-05-07,271.17,271.17,yfinance
GOOGL,2026-05-07,397.7524,397.7524,yfinance
JPM,2026-05-07,306.27,306.27,yfinance
XOM,2026-05-07,145.5918,145.5918,yfinance
LLY,2026-05-07,973.2846,973.2846,yfinance
TLT,2026-05-07,85.3144,85.3144,yfinance
HYG,2026-05-07,79.4533,79.4533,yfinance
AAPL,2026-05-08,293.05,293.05,yfinance
MSFT,2026-05-08,414.2228,414.2228,yfinance
NVDA,2026-05-08,214.9495,214.9495,yfinance
AMZN,2026-05-08,272.68,272.68,yfinance
GOOGL,2026-05-08,400.5607,400.5607,yfinance
JPM,2026-05-08,302.1,302.1,yfinance
XOM,2026-05-08,143.5954,143.5954,yfinance
LLY,2026-05-08,946.8201,946.8201,yfinance
TLT,2026-05-08,85.7427,85.7427,yfinance
HYG,2026-05-08,79.7319,79.7319,yfinance
AAPL,2026-05-11,292.68,292.68,yfinance
MSFT,2026-05-11,411.7682,411.7682,yfinance
NVDA,2026-05-11,219.1845,219.1845,yfinance
AMZN,2026-05-11,268.99,268.99,yfinance
GOOGL,2026-05-11,388.408,388.408,yfinance
JPM,2026-05-11,300.0,300.0,yfinance
XOM,2026-05-11,148.6709,148.6709,yfinance
LLY,2026-05-11,965.3282,965.3282,yfinance
TLT,2026-05-11,85.2248,85.2248,yfinance
HYG,2026-05-11,79.5727,79.5727,yfinance
AAPL,2026-05-12,294.8,294.8,yfinance
MSFT,2026-05-12,406.8887,406.8887,yfinance
NVDA,2026-05-12,220.523,220.523,yfinance
AMZN,2026-05-12,265.82,265.82,yfinance
GOOGL,2026-05-12,387.1188,387.1188,yfinance
JPM,2026-05-12,304.88,304.88,yfinance
XOM,2026-05-12,149.6145,149.6145,yfinance
LLY,2026-05-12,988.1689,988.1689,yfinance
TLT,2026-05-12,84.657,84.657,yfinance
HYG,2026-05-12,79.4632,79.4632,yfinance
AAPL,2026-05-13,298.87,298.87,yfinance
MSFT,2026-05-13,404.3343,404.3343,yfinance
NVDA,2026-05-13,225.5671,225.5671,yfinance
AMZN,2026-05-13,270.13,270.13,yfinance
GOOGL,2026-05-13,402.3797,402.3797,yfinance
JPM,2026-05-13,300.25,300.25,yfinance
XOM,2026-05-13,150.5482,150.5482,yfinance
LLY,2026-05-13,1014.0045,1014.0045,yfinance
TLT,2026-05-13,84.4678,84.4678,yfinance
HYG,2026-05-13,79.503,79.503,yfinance
AAPL,2026-05-14,298.21,298.21,yfinance
MSFT,2026-05-14,408.5451,408.5451,yfinance
NVDA,2026-05-14,235.4656,235.4656,yfinance
AMZN,2026-05-14,267.22,267.22,yfinance
GOOGL,2026-05-14,400.8306,400.8306,yfinance
JPM,2026-05-14,299.91,299.91,yfinance
XOM,2026-05-14,151.75,151.75,yfinance
LLY,2026-05-14,1004.97,1004.97,yfinance
TLT,2026-05-14,84.5873,84.5873,yfinance
HYG,2026-05-14,79.4433,79.4433,yfinance
AAPL,2026-05-15,300.23,300.23,yfinance
MSFT,2026-05-15,421.0081,421.0081,yfinance
NVDA,2026-05-15,225.0577,225.0577,yfinance
AMZN,2026-05-15,264.14,264.14,yfinance
GOOGL,2026-05-15,396.5432,396.5432,yfinance
JPM,2026-05-15,297.81,297.81,yfinance
XOM,2026-05-15,157.92,157.92,yfinance
LLY,2026-05-15,1004.92,1004.92,yfinance
TLT,2026-05-15,83.3322,83.3322,yfinance
HYG,2026-05-15,79.0553,79.0553,yfinance
AAPL,2026-05-18,297.84,297.84,yfinance
MSFT,2026-05-18,422.6247,422.6247,yfinance
NVDA,2026-05-18,222.0612,222.0612,yfinance
AMZN,2026-05-18,264.86,264.86,yfinance
GOOGL,2026-05-18,396.7031,396.7031,yfinance
JPM,2026-05-18,300.73,300.73,yfinance
XOM,2026-05-18,160.49,160.49,yfinance
LLY,2026-05-18,988.09,988.09,yfinance
TLT,2026-05-18,83.2326,83.2326,yfinance
HYG,2026-05-18,79.1349,79.1349,yfinance
AAPL,2026-05-19,298.97,298.97,yfinance
MSFT,2026-05-19,416.5179,416.5179,yfinance
NVDA,2026-05-19,220.3532,220.3532,yfinance
AMZN,2026-05-19,259.34,259.34,yfinance
GOOGL,2026-05-19,387.4286,387.4286,yfinance
JPM,2026-05-19,295.7,295.7,yfinance
XOM,2026-05-19,162.55,162.55,yfinance
LLY,2026-05-19,1021.41,1021.41,yfinance
TLT,2026-05-19,82.6947,82.6947,yfinance
HYG,2026-05-19,78.9459,78.9459,yfinance
AAPL,2026-05-20,302.25,302.25,yfinance
MSFT,2026-05-20,420.15,420.15,yfinance
NVDA,2026-05-20,223.2099,223.2099,yfinance
AMZN,2026-05-20,265.01,265.01,yfinance
GOOGL,2026-05-20,388.6779,388.6779,yfinance
JPM,2026-05-20,301.98,301.98,yfinance
XOM,2026-05-20,156.28,156.28,yfinance
LLY,2026-05-20,1018.87,1018.87,yfinance
TLT,2026-05-20,83.5813,83.5813,yfinance
HYG,2026-05-20,79.4533,79.4533,yfinance
AAPL,2026-05-21,304.99,304.99,yfinance
MSFT,2026-05-21,419.09,419.09,yfinance
NVDA,2026-05-21,219.2545,219.2545,yfinance
AMZN,2026-05-21,268.46,268.46,yfinance
GOOGL,2026-05-21,387.4286,387.4286,yfinance
JPM,2026-05-21,303.0,303.0,yfinance
XOM,2026-05-21,155.29,155.29,yfinance
LLY,2026-05-21,1041.65,1041.65,yfinance
TLT,2026-05-21,83.89,83.89,yfinance
HYG,2026-05-21,79.4931,79.4931,yfinance
AAPL,2026-05-22,308.82,308.82,yfinance
MSFT,2026-05-22,418.57,418.57,yfinance
NVDA,2026-05-22,215.0793,215.0793,yfinance
AMZN,2026-05-22,266.32,266.32,yfinance
GOOGL,2026-05-22,382.7414,382.7414,yfinance
JPM,2026-05-22,306.38,306.38,yfinance
XOM,2026-05-22,154.92,154.92,yfinance
LLY,2026-05-22,1065.0,1065.0,yfinance
TLT,2026-05-22,84.3482,84.3482,yfinance
HYG,2026-05-22,79.503,79.503,yfinance
AAPL,2026-05-26,308.33,308.33,yfinance
MSFT,2026-05-26,416.03,416.03,yfinance
NVDA,2026-05-26,214.6099,214.6099,yfinance
AMZN,2026-05-26,265.29,265.29,yfinance
GOOGL,2026-05-26,388.6479,388.6479,yfinance
JPM,2026-05-26,306.74,306.74,yfinance
XOM,2026-05-26,149.81,149.81,yfinance
LLY,2026-05-26,1064.74,1064.74,yfinance
TLT,2026-05-26,84.7666,84.7666,yfinance
HYG,2026-05-26,79.7717,79.7717,yfinance
AAPL,2026-05-27,310.85,310.85,yfinance
MSFT,2026-05-27,412.67,412.67,yfinance
NVDA,2026-05-27,212.3525,212.3525,yfinance
AMZN,2026-05-27,271.85,271.85,yfinance
GOOGL,2026-05-27,388.5979,388.5979,yfinance
JPM,2026-05-27,299.28,299.28,yfinance
XOM,2026-05-27,147.9,147.9,yfinance
LLY,2026-05-27,1082.92,1082.92,yfinance
TLT,2026-05-27,84.9658,84.9658,yfinance
HYG,2026-05-27,79.7219,79.7219,yfinance
AAPL,2026-05-28,312.51,312.51,yfinance
MSFT,2026-05-28,426.99,426.99,yfinance
NVDA,2026-05-28,214.0006,214.0006,yfinance
AMZN,2026-05-28,274.0,274.0,yfinance
GOOGL,2026-05-28,389.8971,389.8971,yfinance
JPM,2026-05-28,296.73,296.73,yfinance
XOM,2026-05-28,146.96,146.96,yfinance
LLY,2026-05-28,1126.8,1126.8,yfinance
TLT,2026-05-28,85.4041,85.4041,yfinance
HYG,2026-05-28,79.8214,79.8214,yfinance
AAPL,2026-05-29,312.06,312.06,yfinance
MSFT,2026-05-29,450.24,450.24,yfinance
NVDA,2026-05-29,210.8942,210.8942,yfinance
AMZN,2026-05-29,270.64,270.64,yfinance
GOOGL,2026-05-29,380.1129,380.1129,yfinance
JPM,2026-05-29,299.31,299.31,yfinance
XOM,2026-05-29,145.26,145.26,yfinance
LLY,2026-05-29,1105.0,1105.0,yfinance
TLT,2026-05-29,85.424,85.424,yfinance
HYG,2026-05-29,79.901,79.901,yfinance
AAPL,2026-06-01,306.31,306.31,yfinance
MSFT,2026-06-01,460.52,460.52,yfinance
NVDA,2026-06-01,224.0988,224.0988,yfinance
AMZN,2026-06-01,261.26,261.26,yfinance
GOOGL,2026-06-01,376.1453,376.1453,yfinance
JPM,2026-06-01,296.58,296.58,yfinance
XOM,2026-06-01,149.38,149.38,yfinance
LLY,2026-06-01,1082.2,1082.2,yfinance
TLT,2026-06-01,85.47,85.47,yfinance
HYG,2026-06-01,79.84,79.84,yfinance
AAPL,2026-06-02,315.2,315.2,yfinance
MSFT,2026-06-02,441.31,441.31,yfinance
NVDA,2026-06-02,222.5606,222.5606,yfinance
AMZN,2026-06-02,256.52,256.52,yfinance
GOOGL,2026-06-02,361.634,361.634,yfinance
JPM,2026-06-02,300.96,300.96,yfinance
XOM,2026-06-02,149.56,149.56,yfinance
LLY,2026-06-02,1064.15,1064.15,yfinance
TLT,2026-06-02,85.65,85.65,yfinance
HYG,2026-06-02,79.9,79.9,yfinance
AAPL,2026-06-03,310.26,310.26,yfinance
MSFT,2026-06-03,427.34,427.34,yfinance
NVDA,2026-06-03,214.5,214.5,yfinance
AMZN,2026-06-03,250.02,250.02,yfinance
GOOGL,2026-06-03,358.7757,358.7757,yfinance
JPM,2026-06-03,300.85,300.85,yfinance
XOM,2026-06-03,152.53,152.53,yfinance
LLY,2026-06-03,1078.78,1078.78,yfinance
TLT,2026-06-03,85.31,85.31,yfinance
HYG,2026-06-03,79.68,79.68,yfinance
AAPL,2026-06-04,311.23,311.23,yfinance
MSFT,2026-06-04,428.05,428.05,yfinance
NVDA,2026-06-04,218.66,218.66,yfinance
AMZN,2026-06-04,253.79,253.79,yfinance
GOOGL,2026-06-04,371.9678,371.9678,yfinance
JPM,2026-06-04,310.89,310.89,yfinance
XOM,2026-06-04,152.04,152.04,yfinance
LLY,2026-06-04,1125.27,1125.27,yfinance
TLT,2026-06-04,85.5,85.5,yfinance
HYG,2026-06-04,79.83,79.83,yfinance
AAPL,2026-06-05,307.34,307.34,yfinance
MSFT,2026-06-05,416.67,416.67,yfinance
NVDA,2026-06-05,205.1,205.1,yfinance
AMZN,2026-06-05,246.03,246.03,yfinance
GOOGL,2026-06-05,368.31,368.31,yfinance
JPM,2026-06-05,312.37,312.37,yfinance
XOM,2026-06-05,149.92,149.92,yfinance
LLY,2026-06-05,1131.42,1131.42,yfinance
TLT,2026-06-05,85.06,85.06,yfinance
HYG,2026-06-05,79.43,79.43,yfinance
AAPL,2026-06-08,301.54,301.54,yfinance
MSFT,2026-06-08,411.74,411.74,yfinance
NVDA,2026-06-08,208.64,208.64,yfinance
AMZN,2026-06-08,245.22,245.22,yfinance
GOOGL,2026-06-08,363.31,363.31,yfinance
JPM,2026-06-08,311.11,311.11,yfinance
XOM,2026-06-08,151.75,151.75,yfinance
LLY,2026-06-08,1149.15,1149.15,yfinance
TLT,2026-06-08,84.62,84.62,yfinance
HYG,2026-06-08,79.54,79.54,yfinance
AAPL,2026-06-09,290.55,290.55,yfinance
MSFT,2026-06-09,403.41,403.41,yfinance
NVDA,2026-06-09,208.19,208.19,yfinance
AMZN,2026-06-09,244.19,244.19,yfinance
GOOGL,2026-06-09,364.26,364.26,yfinance
JPM,2026-06-09,312.7,312.7,yfinance
XOM,2026-06-09,148.91,148.91,yfinance
LLY,2026-06-09,1144.6801,1144.6801,yfinance
TLT,2026-06-09,85.12,85.12,yfinance
HYG,2026-06-09,79.62,79.62,yfinance
AAPL,2026-06-10,291.58,291.58,yfinance
MSFT,2026-06-10,397.36,397.36,yfinance
NVDA,2026-06-10,200.42,200.42,yfinance
AMZN,2026-06-10,238.0,238.0,yfinance
GOOGL,2026-06-10,356.38,356.38,yfinance
JPM,2026-06-10,309.14,309.14,yfinance
XOM,2026-06-10,150.62,150.62,yfinance
LLY,2026-06-10,1136.37,1136.37,yfinance
TLT,2026-06-10,84.88,84.88,yfinance
HYG,2026-06-10,79.47,79.47,yfinance
AAPL,2026-06-11,295.63,295.63,yfinance
MSFT,2026-06-11,390.34,390.34,yfinance
NVDA,2026-06-11,204.87,204.87,yfinance
AMZN,2026-06-11,241.51,241.51,yfinance
GOOGL,2026-06-11,357.77,357.77,yfinance
JPM,2026-06-11,313.49,313.49,yfinance
XOM,2026-06-11,146.6,146.6,yfinance
LLY,2026-06-11,1160.95,1160.95,yfinance
TLT,2026-06-11,85.98,85.98,yfinance
HYG,2026-06-11,79.94,79.94,yfinance
AAPL,2026-06-12,291.13,291.13,yfinance
MSFT,2026-06-12,390.74,390.74,yfinance
NVDA,2026-06-12,205.19,205.19,yfinance
AMZN,2026-06-12,238.55,238.55,yfinance
GOOGL,2026-06-12,359.68,359.68,yfinance
JPM,2026-06-12,320.72,320.72,yfinance
XOM,2026-06-12,147.01,147.01,yfinance
LLY,2026-06-12,1133.0,1133.0,yfinance
TLT,2026-06-12,85.77,85.77,yfinance
HYG,2026-06-12,79.94,79.94,yfinance
AAPL,2026-06-15,296.42,296.42,yfinance
MSFT,2026-06-15,399.76,399.76,yfinance
NVDA,2026-06-15,212.45,212.45,yfinance
AMZN,2026-06-15,246.02,246.02,yfinance
GOOGL,2026-06-15,369.35,369.35,yfinance
JPM,2026-06-15,319.4,319.4,yfinance
XOM,2026-06-15,140.92,140.92,yfinance
LLY,2026-06-15,1129.35,1129.35,yfinance
TLT,2026-06-15,85.72,85.72,yfinance
HYG,2026-06-15,80.04,80.04,yfinance
AAPL,2026-06-16,299.24,299.24,yfinance
MSFT,2026-06-16,393.83,393.83,yfinance
NVDA,2026-06-16,207.41,207.41,yfinance
AMZN,2026-06-16,246.0,246.0,yfinance
GOOGL,2026-06-16,373.25,373.25,yfinance
JPM,2026-06-16,331.14,331.14,yfinance
XOM,2026-06-16,141.86,141.86,yfinance
LLY,2026-06-16,1122.5,1122.5,yfinance
TLT,2026-06-16,86.19,86.19,yfinance
HYG,2026-06-16,80.03,80.03,yfinance
AAPL,2026-06-17,295.95,295.95,yfinance
MSFT,2026-06-17,378.91,378.91,yfinance
NVDA,2026-06-17,204.65,204.65,yfinance
AMZN,2026-06-17,237.5,237.5,yfinance
GOOGL,2026-06-17,363.79,363.79,yfinance
JPM,2026-06-17,333.46,333.46,yfinance
XOM,2026-06-17,140.74,140.74,yfinance
LLY,2026-06-17,1112.0,1112.0,yfinance
TLT,2026-06-17,86.33,86.33,yfinance
HYG,2026-06-17,79.73,79.73,yfinance
